<?xml version="1.0" encoding="UTF-8"?>
<export version="D">
  <design>
    <source>C:\Users\bakad\source\repos\fanControl\PCB\fanControl\fanControl.sch</source>
    <date>26/01/2022 20:16:05</date>
    <tool>Eeschema (5.1.5)-3</tool>
    <sheet number="1" name="/" tstamps="/">
      <title_block>
        <title/>
        <company/>
        <rev/>
        <date/>
        <source>fanControl.sch</source>
        <comment number="1" value=""/>
        <comment number="2" value=""/>
        <comment number="3" value=""/>
        <comment number="4" value=""/>
      </title_block>
    </sheet>
  </design>
  <components>
    <comp ref="J3">
      <value>Conn_01x04</value>
      <footprint>Connector_Molex:Molex_KK-254_AE-6410-04A_1x04_P2.54mm_Vertical</footprint>
      <datasheet>~</datasheet>
      <libsource lib="Connector_Generic" part="Conn_01x04" description="Generic connector, single row, 01x04, script generated (kicad-library-utils/schlib/autogen/connector/)"/>
      <sheetpath names="/" tstamps="/"/>
      <tstamp>61890744</tstamp>
    </comp>
    <comp ref="R9">
      <value>1k</value>
      <footprint>agro-footprint:RES_0805</footprint>
      <datasheet>~</datasheet>
      <libsource lib="Device" part="R" description="Resistor"/>
      <sheetpath names="/" tstamps="/"/>
      <tstamp>61893EF6</tstamp>
    </comp>
    <comp ref="R5">
      <value>1k</value>
      <footprint>agro-footprint:RES_0805</footprint>
      <datasheet>~</datasheet>
      <libsource lib="Device" part="R" description="Resistor"/>
      <sheetpath names="/" tstamps="/"/>
      <tstamp>618944D8</tstamp>
    </comp>
    <comp ref="U1">
      <value>LM2575BT-ADJ</value>
      <footprint>Package_TO_SOT_THT:TO-220-5_Vertical</footprint>
      <datasheet>http://ww1.microchip.com/downloads/en/DeviceDoc/lm2575.pdf</datasheet>
      <libsource lib="Regulator_Switching" part="LM2575BT-ADJ" description="Adjustable 52kHz Simple 1A Buck Regulator, TO-220-5"/>
      <sheetpath names="/" tstamps="/"/>
      <tstamp>61898356</tstamp>
    </comp>
    <comp ref="Q1">
      <value>BC547</value>
      <footprint>Package_TO_SOT_THT:TO-92_Inline</footprint>
      <datasheet>http://www.fairchildsemi.com/ds/BC/BC547.pdf</datasheet>
      <libsource lib="Transistor_BJT" part="BC547" description="0.1A Ic, 45V Vce, Small Signal NPN Transistor, TO-92"/>
      <sheetpath names="/" tstamps="/"/>
      <tstamp>6189835C</tstamp>
    </comp>
    <comp ref="D4">
      <value>1N5817</value>
      <footprint>Diode_SMD:D_SOD-123</footprint>
      <datasheet>http://www.vishay.com/docs/88525/1n5817.pdf</datasheet>
      <fields>
        <field name="URL">https://hu.mouser.com/c/semiconductors/discrete-semiconductors/diodes-rectifiers/schottky-diodes-rectifiers/?configuration=Single&amp;if%20-%20forward%20current=1%20A~~1.2%20A&amp;mounting%20style=SMD%2FSMT&amp;product=Schottky%20Diodes&amp;vrrm%20-%20repetitive%20reverse%20voltage=40%20V%7C~50%20V%7C~60%20V&amp;instock=y&amp;rp=semiconductors%2Fdiscrete-semiconductors%2Fdiodes-rectifiers%2Fschottky-diodes-rectifiers%7C~If%20-%20Forward%20Current</field>
      </fields>
      <libsource lib="Diode" part="1N5819" description="40V 1A Schottky Barrier Rectifier Diode, DO-41"/>
      <sheetpath names="/" tstamps="/"/>
      <tstamp>61898362</tstamp>
    </comp>
    <comp ref="R3">
      <value>10k</value>
      <footprint>agro-footprint:RES_0805</footprint>
      <datasheet>~</datasheet>
      <libsource lib="Device" part="R" description="Resistor"/>
      <sheetpath names="/" tstamps="/"/>
      <tstamp>6189837C</tstamp>
    </comp>
    <comp ref="C1">
      <value>47u</value>
      <footprint>Capacitor_THT:C_Radial_D6.3mm_H11.0mm_P2.50mm</footprint>
      <libsource lib="Device" part="CP" description="Polarized capacitor"/>
      <sheetpath names="/" tstamps="/"/>
      <tstamp>61898383</tstamp>
    </comp>
    <comp ref="R10">
      <value>1k1 1%</value>
      <footprint>agro-footprint:RES_0805</footprint>
      <datasheet>~</datasheet>
      <libsource lib="Device" part="R" description="Resistor"/>
      <sheetpath names="/" tstamps="/"/>
      <tstamp>6189838B</tstamp>
    </comp>
    <comp ref="R11">
      <value>3k3 1%</value>
      <footprint>agro-footprint:RES_0805</footprint>
      <datasheet>~</datasheet>
      <libsource lib="Device" part="R" description="Resistor"/>
      <sheetpath names="/" tstamps="/"/>
      <tstamp>61898391</tstamp>
    </comp>
    <comp ref="R6">
      <value>47k</value>
      <footprint>agro-footprint:RES_0805</footprint>
      <datasheet>~</datasheet>
      <libsource lib="Device" part="R" description="Resistor"/>
      <sheetpath names="/" tstamps="/"/>
      <tstamp>61898397</tstamp>
    </comp>
    <comp ref="C2">
      <value>470u</value>
      <footprint>Capacitor_THT:C_Radial_D8.0mm_H11.5mm_P3.50mm</footprint>
      <datasheet>https://arwill.hu/forras/termek/passziv-alkatreszek/kondenzatorok/elektrolit-85c-105c/470uf-16v-elektrolit-kondenzator-229671.pdf</datasheet>
      <libsource lib="Device" part="CP" description="Polarized capacitor"/>
      <sheetpath names="/" tstamps="/"/>
      <tstamp>618983B1</tstamp>
    </comp>
    <comp ref="R12">
      <value>1k 1%</value>
      <footprint>agro-footprint:RES_0805</footprint>
      <datasheet>~</datasheet>
      <libsource lib="Device" part="R" description="Resistor"/>
      <sheetpath names="/" tstamps="/"/>
      <tstamp>618983D3</tstamp>
    </comp>
    <comp ref="RV1">
      <value>R_POT_TRIM</value>
      <footprint>Potentiometer_SMD:Potentiometer_Bourns_3314J_Vertical</footprint>
      <datasheet>~</datasheet>
      <libsource lib="Device" part="R_POT_TRIM" description="Trim-potentiometer"/>
      <sheetpath names="/" tstamps="/"/>
      <tstamp>618983DE</tstamp>
    </comp>
    <comp ref="D3">
      <value>BZX84C6V8L</value>
      <footprint>Diode_SMD:D_SOT-23_ANK</footprint>
      <datasheet>https://hu.mouser.com/datasheet/2/308/1/BZX84C2V4LT1_D-2310344.pdf</datasheet>
      <fields>
        <field name="Manufacturer">onsemi</field>
        <field name="PartNo">BZX84C6V8LT3G</field>
      </fields>
      <libsource lib="Diode" part="ZYxxx" description="2000mW Zener Diode, DO-41"/>
      <sheetpath names="/" tstamps="/"/>
      <tstamp>618983EE</tstamp>
    </comp>
    <comp ref="R4">
      <value>10k</value>
      <footprint>agro-footprint:RES_0805</footprint>
      <datasheet>~</datasheet>
      <libsource lib="Device" part="R" description="Resistor"/>
      <sheetpath names="/" tstamps="/"/>
      <tstamp>618983F7</tstamp>
    </comp>
    <comp ref="U2">
      <value>DS18B20</value>
      <footprint>Package_TO_SOT_THT:TO-92_Inline</footprint>
      <datasheet>http://datasheets.maximintegrated.com/en/ds/DS18B20.pdf</datasheet>
      <libsource lib="Sensor_Temperature" part="DS18B20" description="Programmable Resolution 1-Wire Digital Thermometer TO-92"/>
      <sheetpath names="/" tstamps="/"/>
      <tstamp>61858ACC</tstamp>
    </comp>
    <comp ref="R13">
      <value>4k7</value>
      <footprint>agro-footprint:RES_0805</footprint>
      <datasheet>~</datasheet>
      <libsource lib="Device" part="R" description="Resistor"/>
      <sheetpath names="/" tstamps="/"/>
      <tstamp>61863A19</tstamp>
    </comp>
    <comp ref="R1">
      <value>6k8</value>
      <footprint>agro-footprint:RES_0805</footprint>
      <datasheet>~</datasheet>
      <libsource lib="Device" part="R" description="Resistor"/>
      <sheetpath names="/" tstamps="/"/>
      <tstamp>6186ADFA</tstamp>
    </comp>
    <comp ref="R2">
      <value>2k</value>
      <footprint>agro-footprint:RES_0805</footprint>
      <datasheet>~</datasheet>
      <libsource lib="Device" part="R" description="Resistor"/>
      <sheetpath names="/" tstamps="/"/>
      <tstamp>6186C2E3</tstamp>
    </comp>
    <comp ref="Q2">
      <value>IRF540N</value>
      <footprint>Package_TO_SOT_SMD:SOT-23</footprint>
      <datasheet>https://hu.mouser.com/datasheet/2/258/SI2324A_SOT_23_-2510923.pdf</datasheet>
      <fields>
        <field name="Manufacturer">MCC</field>
        <field name="PartNo">SI2324A-TP</field>
      </fields>
      <libsource lib="Transistor_FET" part="IRF540N" description="33A Id, 100V Vds, HEXFET N-Channel MOSFET, TO-220"/>
      <sheetpath names="/" tstamps="/"/>
      <tstamp>61E3E93E</tstamp>
    </comp>
    <comp ref="R7">
      <value>1k</value>
      <footprint>agro-footprint:RES_0805</footprint>
      <datasheet>~</datasheet>
      <libsource lib="Device" part="R" description="Resistor"/>
      <sheetpath names="/" tstamps="/"/>
      <tstamp>61E400B4</tstamp>
    </comp>
    <comp ref="J2">
      <value>USB_B_Micro</value>
      <footprint>Connector_USB:USB_Micro-B_GCT_USB3076-30-A</footprint>
      <datasheet>~</datasheet>
      <libsource lib="Connector" part="USB_B_Micro" description="USB Micro Type B connector"/>
      <sheetpath names="/" tstamps="/"/>
      <tstamp>61E4B30F</tstamp>
    </comp>
    <comp ref="R14">
      <value>6k8</value>
      <footprint>agro-footprint:RES_0805</footprint>
      <datasheet>~</datasheet>
      <libsource lib="Device" part="R" description="Resistor"/>
      <sheetpath names="/" tstamps="/"/>
      <tstamp>61EA3B75</tstamp>
    </comp>
    <comp ref="R15">
      <value>10k</value>
      <footprint>agro-footprint:RES_0805</footprint>
      <datasheet>~</datasheet>
      <libsource lib="Device" part="R" description="Resistor"/>
      <sheetpath names="/" tstamps="/"/>
      <tstamp>61EA42BD</tstamp>
    </comp>
    <comp ref="J4">
      <value>Conn_01x03</value>
      <footprint>Connector_Molex:Molex_KK-254_AE-6410-03A_1x03_P2.54mm_Vertical</footprint>
      <datasheet>~</datasheet>
      <libsource lib="Connector_Generic" part="Conn_01x03" description="Generic connector, single row, 01x03, script generated (kicad-library-utils/schlib/autogen/connector/)"/>
      <sheetpath names="/" tstamps="/"/>
      <tstamp>61EFF0E7</tstamp>
    </comp>
    <comp ref="J1">
      <value>Barrel_Jack_Switch</value>
      <footprint>fanControl:BarrelJack_Wuerth_6941xx301002</footprint>
      <datasheet>~</datasheet>
      <libsource lib="Connector" part="Barrel_Jack_Switch" description="DC Barrel Jack with an internal switch"/>
      <sheetpath names="/" tstamps="/"/>
      <tstamp>61FE4A8A</tstamp>
    </comp>
    <comp ref="D6">
      <value>1N5819</value>
      <footprint>Diode_SMD:D_SOD-123</footprint>
      <datasheet>http://www.vishay.com/docs/88525/1n5817.pdf</datasheet>
      <fields>
        <field name="URL">https://hu.mouser.com/c/semiconductors/discrete-semiconductors/diodes-rectifiers/schottky-diodes-rectifiers/?configuration=Single&amp;if%20-%20forward%20current=1%20A~~1.2%20A&amp;mounting%20style=SMD%2FSMT&amp;product=Schottky%20Diodes&amp;vrrm%20-%20repetitive%20reverse%20voltage=40%20V%7C~50%20V%7C~60%20V&amp;instock=y&amp;rp=semiconductors%2Fdiscrete-semiconductors%2Fdiodes-rectifiers%2Fschottky-diodes-rectifiers%7C~If%20-%20Forward%20Current</field>
      </fields>
      <libsource lib="Diode" part="1N5819" description="40V 1A Schottky Barrier Rectifier Diode, DO-41"/>
      <sheetpath names="/" tstamps="/"/>
      <tstamp>61FF8B67</tstamp>
    </comp>
    <comp ref="D7">
      <value>1N5819</value>
      <footprint>Diode_SMD:D_SOD-123</footprint>
      <datasheet>http://www.vishay.com/docs/88525/1n5817.pdf</datasheet>
      <fields>
        <field name="URL">https://hu.mouser.com/c/semiconductors/discrete-semiconductors/diodes-rectifiers/schottky-diodes-rectifiers/?configuration=Single&amp;if%20-%20forward%20current=1%20A~~1.2%20A&amp;mounting%20style=SMD%2FSMT&amp;product=Schottky%20Diodes&amp;vrrm%20-%20repetitive%20reverse%20voltage=40%20V%7C~50%20V%7C~60%20V&amp;instock=y&amp;rp=semiconductors%2Fdiscrete-semiconductors%2Fdiodes-rectifiers%2Fschottky-diodes-rectifiers%7C~If%20-%20Forward%20Current</field>
      </fields>
      <libsource lib="Diode" part="1N5819" description="40V 1A Schottky Barrier Rectifier Diode, DO-41"/>
      <sheetpath names="/" tstamps="/"/>
      <tstamp>61FF9858</tstamp>
    </comp>
    <comp ref="D1">
      <value>1N5819</value>
      <footprint>Diode_SMD:D_SOD-123</footprint>
      <datasheet>http://www.vishay.com/docs/88525/1n5817.pdf</datasheet>
      <fields>
        <field name="URL">https://hu.mouser.com/c/semiconductors/discrete-semiconductors/diodes-rectifiers/schottky-diodes-rectifiers/?configuration=Single&amp;if%20-%20forward%20current=1%20A~~1.2%20A&amp;mounting%20style=SMD%2FSMT&amp;product=Schottky%20Diodes&amp;vrrm%20-%20repetitive%20reverse%20voltage=40%20V%7C~50%20V%7C~60%20V&amp;instock=y&amp;rp=semiconductors%2Fdiscrete-semiconductors%2Fdiodes-rectifiers%2Fschottky-diodes-rectifiers%7C~If%20-%20Forward%20Current</field>
      </fields>
      <libsource lib="Diode" part="1N5819" description="40V 1A Schottky Barrier Rectifier Diode, DO-41"/>
      <sheetpath names="/" tstamps="/"/>
      <tstamp>61FFA451</tstamp>
    </comp>
    <comp ref="D2">
      <value>1N5819</value>
      <footprint>Diode_SMD:D_SOD-123</footprint>
      <datasheet>http://www.vishay.com/docs/88525/1n5817.pdf</datasheet>
      <fields>
        <field name="URL">https://hu.mouser.com/c/semiconductors/discrete-semiconductors/diodes-rectifiers/schottky-diodes-rectifiers/?configuration=Single&amp;if%20-%20forward%20current=1%20A~~1.2%20A&amp;mounting%20style=SMD%2FSMT&amp;product=Schottky%20Diodes&amp;vrrm%20-%20repetitive%20reverse%20voltage=40%20V%7C~50%20V%7C~60%20V&amp;instock=y&amp;rp=semiconductors%2Fdiscrete-semiconductors%2Fdiodes-rectifiers%2Fschottky-diodes-rectifiers%7C~If%20-%20Forward%20Current</field>
      </fields>
      <libsource lib="Diode" part="1N5819" description="40V 1A Schottky Barrier Rectifier Diode, DO-41"/>
      <sheetpath names="/" tstamps="/"/>
      <tstamp>61FFAD64</tstamp>
    </comp>
    <comp ref="U5">
      <value>LD1117S33TR_SOT223</value>
      <footprint>Package_TO_SOT_SMD:SOT-223-3_TabPin2</footprint>
      <datasheet>http://www.st.com/st-web-ui/static/active/en/resource/technical/document/datasheet/CD00000544.pdf</datasheet>
      <libsource lib="Regulator_Linear" part="LD1117S33TR_SOT223" description="800mA Fixed Low Drop Positive Voltage Regulator, Fixed Output 3.3V, SOT-223"/>
      <sheetpath names="/" tstamps="/"/>
      <tstamp>62038782</tstamp>
    </comp>
    <comp ref="C3">
      <value>100n</value>
      <footprint>agro-footprint:CAP_0805</footprint>
      <datasheet>~</datasheet>
      <libsource lib="agro-symbol" part="CAP" description="Unpolarized capacitor, small symbol"/>
      <sheetpath names="/" tstamps="/"/>
      <tstamp>6203E027</tstamp>
    </comp>
    <comp ref="C4">
      <value>10u</value>
      <footprint>Capacitor_Tantalum_SMD:CP_EIA-3216-18_Kemet-A_Pad1.58x1.35mm_HandSolder</footprint>
      <datasheet>https://lomex.hu/pdf/(vis)_293d_serie.pdf</datasheet>
      <fields>
        <field name="Manufacturer">Vishay</field>
        <field name="PartNo">293D106X9016A2TE3</field>
      </fields>
      <libsource lib="Device" part="CP" description="Polarized capacitor"/>
      <sheetpath names="/" tstamps="/"/>
      <tstamp>6203EA1E</tstamp>
    </comp>
    <comp ref="U4">
      <value>ESP-12E</value>
      <footprint>kicad-ESP8266:ESP-12E</footprint>
      <datasheet>http://l0l.org.uk/2014/12/esp8266-modules-hardware-guide-gotta-catch-em-all/</datasheet>
      <libsource lib="ESP8266" part="ESP-12E" description="ESP8266 ESP-12E module, 22 pins, 2mm, PCB antenna"/>
      <sheetpath names="/" tstamps="/"/>
      <tstamp>620689CE</tstamp>
    </comp>
    <comp ref="R8">
      <value>100k</value>
      <footprint>agro-footprint:RES_0805</footprint>
      <datasheet>~</datasheet>
      <libsource lib="Device" part="R" description="Resistor"/>
      <sheetpath names="/" tstamps="/"/>
      <tstamp>61E404BC</tstamp>
    </comp>
    <comp ref="C5">
      <value>100n</value>
      <footprint>agro-footprint:CAP_0805</footprint>
      <datasheet>~</datasheet>
      <libsource lib="agro-symbol" part="CAP" description="Unpolarized capacitor, small symbol"/>
      <sheetpath names="/" tstamps="/"/>
      <tstamp>620E70B4</tstamp>
    </comp>
    <comp ref="JP2">
      <value>SolderJumper_2_Open</value>
      <footprint>Jumper:SolderJumper-2_P1.3mm_Open_TrianglePad1.0x1.5mm</footprint>
      <datasheet>~</datasheet>
      <fields>
        <field name="Comment">RESET</field>
      </fields>
      <libsource lib="Jumper" part="SolderJumper_2_Open" description="Solder Jumper, 2-pole, open"/>
      <sheetpath names="/" tstamps="/"/>
      <tstamp>62104234</tstamp>
    </comp>
    <comp ref="J5">
      <value>Conn_01x06</value>
      <footprint>Connector_PinHeader_2.54mm:PinHeader_1x06_P2.54mm_Vertical</footprint>
      <datasheet>~</datasheet>
      <libsource lib="Connector_Generic" part="Conn_01x06" description="Generic connector, single row, 01x06, script generated (kicad-library-utils/schlib/autogen/connector/)"/>
      <sheetpath names="/" tstamps="/"/>
      <tstamp>6213D4B7</tstamp>
    </comp>
    <comp ref="R22">
      <value>470R</value>
      <footprint>agro-footprint:RES_0805</footprint>
      <datasheet>~</datasheet>
      <libsource lib="Device" part="R" description="Resistor"/>
      <sheetpath names="/" tstamps="/"/>
      <tstamp>6215D224</tstamp>
    </comp>
    <comp ref="R19">
      <value>10k</value>
      <footprint>agro-footprint:RES_0805</footprint>
      <datasheet>~</datasheet>
      <libsource lib="Device" part="R" description="Resistor"/>
      <sheetpath names="/" tstamps="/"/>
      <tstamp>6217B851</tstamp>
    </comp>
    <comp ref="JP1">
      <value>SolderJumper_2_Open</value>
      <footprint>Jumper:SolderJumper-2_P1.3mm_Open_TrianglePad1.0x1.5mm</footprint>
      <datasheet>~</datasheet>
      <libsource lib="Jumper" part="SolderJumper_2_Open" description="Solder Jumper, 2-pole, open"/>
      <sheetpath names="/" tstamps="/"/>
      <tstamp>61E665D7</tstamp>
    </comp>
    <comp ref="R21">
      <value>10k</value>
      <footprint>agro-footprint:RES_0805</footprint>
      <datasheet>~</datasheet>
      <libsource lib="Device" part="R" description="Resistor"/>
      <sheetpath names="/" tstamps="/"/>
      <tstamp>6215CE97</tstamp>
    </comp>
    <comp ref="R20">
      <value>10k</value>
      <footprint>agro-footprint:RES_0805</footprint>
      <datasheet>~</datasheet>
      <libsource lib="Device" part="R" description="Resistor"/>
      <sheetpath names="/" tstamps="/"/>
      <tstamp>6219B997</tstamp>
    </comp>
    <comp ref="R16">
      <value>10k</value>
      <footprint>agro-footprint:RES_0805</footprint>
      <datasheet>~</datasheet>
      <libsource lib="Device" part="R" description="Resistor"/>
      <sheetpath names="/" tstamps="/"/>
      <tstamp>620E7ACF</tstamp>
    </comp>
    <comp ref="R18">
      <value>10k</value>
      <footprint>agro-footprint:RES_0805</footprint>
      <datasheet>~</datasheet>
      <libsource lib="Device" part="R" description="Resistor"/>
      <sheetpath names="/" tstamps="/"/>
      <tstamp>620E65A2</tstamp>
    </comp>
    <comp ref="R17">
      <value>470R</value>
      <footprint>agro-footprint:RES_0805</footprint>
      <datasheet>~</datasheet>
      <libsource lib="Device" part="R" description="Resistor"/>
      <sheetpath names="/" tstamps="/"/>
      <tstamp>62270D17</tstamp>
    </comp>
    <comp ref="L1">
      <value>470u</value>
      <footprint>Inductor_THT:L_Radial_D10.5mm_P5.00mm_Abacron_AISR-01</footprint>
      <datasheet>~</datasheet>
      <fields>
        <field name="URL">https://arwill.hu/termekek/passziv-alkatreszek/induktivitasok/radialis/470uh-1-2a-induktivitas-659003/</field>
      </fields>
      <libsource lib="agro-symbol" part="INDUCTOR" description="Inductor, small symbol"/>
      <sheetpath names="/" tstamps="/"/>
      <tstamp>6233793E</tstamp>
    </comp>
    <comp ref="D8">
      <value>MBRS140</value>
      <footprint>Diode_SMD:D_SMB</footprint>
      <datasheet>https://hu.mouser.com/datasheet/2/308/1/MBRS140T3_D-2315006.pdf</datasheet>
      <fields>
        <field name="MPN">MBRS140T3G</field>
        <field name="Manufacturer">onsemi</field>
      </fields>
      <libsource lib="Diode" part="1N5819" description="40V 1A Schottky Barrier Rectifier Diode, DO-41"/>
      <sheetpath names="/" tstamps="/"/>
      <tstamp>6239BE66</tstamp>
    </comp>
    <comp ref="Q3">
      <value>FDD4243</value>
      <footprint>fanControl:TO-252-2_TabPin5</footprint>
      <datasheet>https://www.onsemi.com/pdf/datasheet/fdd4243-d.pdf</datasheet>
      <fields>
        <field name="Manufacturer">onsemi</field>
      </fields>
      <libsource lib="Transistor_FET" part="DMP3013SFV" description="-12A Id, -30V Vds, P-Channel Power MOSFET, 9.5mOhm Ron, 33.7nC Qg (typ), PowerDI3333-8"/>
      <sheetpath names="/" tstamps="/"/>
      <tstamp>623A5860</tstamp>
    </comp>
    <comp ref="R23">
      <value>1k</value>
      <footprint>agro-footprint:RES_0805</footprint>
      <datasheet>~</datasheet>
      <libsource lib="Device" part="R" description="Resistor"/>
      <sheetpath names="/" tstamps="/"/>
      <tstamp>62408417</tstamp>
    </comp>
    <comp ref="D9">
      <value>BZX84C10L</value>
      <footprint>Diode_SMD:D_SOT-23_ANK</footprint>
      <datasheet>https://www.onsemi.com/pdf/datasheet/bzx84c2v4lt1-d.pdf</datasheet>
      <fields>
        <field name="Manufacturer">onsemi</field>
        <field name="PartNo">BZX84C10L</field>
      </fields>
      <libsource lib="Diode" part="ZYxxx" description="2000mW Zener Diode, DO-41"/>
      <sheetpath names="/" tstamps="/"/>
      <tstamp>62433E5F</tstamp>
    </comp>
    <comp ref="D5">
      <value>MBRS140</value>
      <footprint>Diode_SMD:D_SMB</footprint>
      <datasheet>https://hu.mouser.com/datasheet/2/308/1/MBRS140T3_D-2315006.pdf</datasheet>
      <fields>
        <field name="MPN">MBRS140T3G</field>
        <field name="Manufacturer">onsemi</field>
      </fields>
      <libsource lib="Diode" part="1N5819" description="40V 1A Schottky Barrier Rectifier Diode, DO-41"/>
      <sheetpath names="/" tstamps="/"/>
      <tstamp>6271F568</tstamp>
    </comp>
  </components>
  <libparts>
    <libpart lib="Connector" part="Barrel_Jack_Switch">
      <description>DC Barrel Jack with an internal switch</description>
      <docs>~</docs>
      <footprints>
        <fp>BarrelJack*</fp>
      </footprints>
      <fields>
        <field name="Reference">J</field>
        <field name="Value">Barrel_Jack_Switch</field>
      </fields>
      <pins>
        <pin num="1" name="~" type="passive"/>
        <pin num="2" name="~" type="passive"/>
        <pin num="3" name="~" type="passive"/>
      </pins>
    </libpart>
    <libpart lib="Connector" part="USB_B_Micro">
      <aliases>
        <alias>USB_B_Mini</alias>
      </aliases>
      <description>USB Micro Type B connector</description>
      <docs>~</docs>
      <footprints>
        <fp>USB*</fp>
      </footprints>
      <fields>
        <field name="Reference">J</field>
        <field name="Value">USB_B_Micro</field>
      </fields>
      <pins>
        <pin num="1" name="VBUS" type="power_out"/>
        <pin num="2" name="D-" type="passive"/>
        <pin num="3" name="D+" type="passive"/>
        <pin num="4" name="ID" type="passive"/>
        <pin num="5" name="GND" type="power_out"/>
        <pin num="6" name="Shield" type="passive"/>
      </pins>
    </libpart>
    <libpart lib="Connector_Generic" part="Conn_01x03">
      <description>Generic connector, single row, 01x03, script generated (kicad-library-utils/schlib/autogen/connector/)</description>
      <docs>~</docs>
      <footprints>
        <fp>Connector*:*_1x??_*</fp>
      </footprints>
      <fields>
        <field name="Reference">J</field>
        <field name="Value">Conn_01x03</field>
      </fields>
      <pins>
        <pin num="1" name="Pin_1" type="passive"/>
        <pin num="2" name="Pin_2" type="passive"/>
        <pin num="3" name="Pin_3" type="passive"/>
      </pins>
    </libpart>
    <libpart lib="Connector_Generic" part="Conn_01x04">
      <description>Generic connector, single row, 01x04, script generated (kicad-library-utils/schlib/autogen/connector/)</description>
      <docs>~</docs>
      <footprints>
        <fp>Connector*:*_1x??_*</fp>
      </footprints>
      <fields>
        <field name="Reference">J</field>
        <field name="Value">Conn_01x04</field>
      </fields>
      <pins>
        <pin num="1" name="Pin_1" type="passive"/>
        <pin num="2" name="Pin_2" type="passive"/>
        <pin num="3" name="Pin_3" type="passive"/>
        <pin num="4" name="Pin_4" type="passive"/>
      </pins>
    </libpart>
    <libpart lib="Connector_Generic" part="Conn_01x06">
      <description>Generic connector, single row, 01x06, script generated (kicad-library-utils/schlib/autogen/connector/)</description>
      <docs>~</docs>
      <footprints>
        <fp>Connector*:*_1x??_*</fp>
      </footprints>
      <fields>
        <field name="Reference">J</field>
        <field name="Value">Conn_01x06</field>
      </fields>
      <pins>
        <pin num="1" name="Pin_1" type="passive"/>
        <pin num="2" name="Pin_2" type="passive"/>
        <pin num="3" name="Pin_3" type="passive"/>
        <pin num="4" name="Pin_4" type="passive"/>
        <pin num="5" name="Pin_5" type="passive"/>
        <pin num="6" name="Pin_6" type="passive"/>
      </pins>
    </libpart>
    <libpart lib="Device" part="CP">
      <description>Polarized capacitor</description>
      <docs>~</docs>
      <footprints>
        <fp>CP_*</fp>
      </footprints>
      <fields>
        <field name="Reference">C</field>
        <field name="Value">CP</field>
      </fields>
      <pins>
        <pin num="1" name="~" type="passive"/>
        <pin num="2" name="~" type="passive"/>
      </pins>
    </libpart>
    <libpart lib="Device" part="R">
      <description>Resistor</description>
      <docs>~</docs>
      <footprints>
        <fp>R_*</fp>
      </footprints>
      <fields>
        <field name="Reference">R</field>
        <field name="Value">R</field>
      </fields>
      <pins>
        <pin num="1" name="~" type="passive"/>
        <pin num="2" name="~" type="passive"/>
      </pins>
    </libpart>
    <libpart lib="Device" part="R_POT_TRIM">
      <description>Trim-potentiometer</description>
      <docs>~</docs>
      <footprints>
        <fp>Potentiometer*</fp>
      </footprints>
      <fields>
        <field name="Reference">RV</field>
        <field name="Value">R_POT_TRIM</field>
      </fields>
      <pins>
        <pin num="1" name="1" type="passive"/>
        <pin num="2" name="2" type="passive"/>
        <pin num="3" name="3" type="passive"/>
      </pins>
    </libpart>
    <libpart lib="Diode" part="SB120">
      <aliases>
        <alias>SB130</alias>
        <alias>SB140</alias>
        <alias>SB150</alias>
        <alias>SB160</alias>
        <alias>1N5817</alias>
        <alias>1N5818</alias>
        <alias>1N5819</alias>
      </aliases>
      <description>20V 1A Schottky Barrier Rectifier Diode, DO-41</description>
      <docs>http://www.diodes.com/_files/datasheets/ds23022.pdf</docs>
      <footprints>
        <fp>D*DO?41*</fp>
      </footprints>
      <fields>
        <field name="Reference">D</field>
        <field name="Value">SB120</field>
        <field name="Footprint">Diode_THT:D_DO-41_SOD81_P10.16mm_Horizontal</field>
      </fields>
      <pins>
        <pin num="1" name="K" type="passive"/>
        <pin num="2" name="A" type="passive"/>
      </pins>
    </libpart>
    <libpart lib="Diode" part="ZPYxx">
      <aliases>
        <alias>1N47xxA</alias>
        <alias>ZYxxx</alias>
      </aliases>
      <description>1300mW Zener Diode, DO-41</description>
      <docs>http://www.vishay.com/docs/85790/zpy3v9.pdf</docs>
      <footprints>
        <fp>D*DO?41*</fp>
      </footprints>
      <fields>
        <field name="Reference">D</field>
        <field name="Value">ZPYxx</field>
        <field name="Footprint">Diode_THT:D_DO-41_SOD81_P10.16mm_Horizontal</field>
      </fields>
      <pins>
        <pin num="1" name="K" type="passive"/>
        <pin num="2" name="A" type="passive"/>
      </pins>
    </libpart>
    <libpart lib="ESP8266" part="ESP-12E">
      <aliases>
        <alias>ESP-12F</alias>
      </aliases>
      <description>ESP8266 ESP-12E module, 22 pins, 2mm, PCB antenna</description>
      <docs>http://l0l.org.uk/2014/12/esp8266-modules-hardware-guide-gotta-catch-em-all/</docs>
      <footprints>
        <fp>ESP-12E</fp>
        <fp>ESP-12E_SMD</fp>
      </footprints>
      <fields>
        <field name="Reference">U</field>
        <field name="Value">ESP-12E</field>
      </fields>
      <pins>
        <pin num="1" name="REST" type="input"/>
        <pin num="2" name="ADC" type="passive"/>
        <pin num="3" name="CH_PD" type="input"/>
        <pin num="4" name="GPIO16" type="BiDi"/>
        <pin num="5" name="GPIO14" type="BiDi"/>
        <pin num="6" name="GPIO12" type="BiDi"/>
        <pin num="7" name="GPIO13" type="BiDi"/>
        <pin num="8" name="VCC" type="power_in"/>
        <pin num="9" name="GND" type="power_in"/>
        <pin num="10" name="GPIO15" type="BiDi"/>
        <pin num="11" name="GPIO2" type="BiDi"/>
        <pin num="12" name="GPIO0" type="BiDi"/>
        <pin num="13" name="GPIO4" type="BiDi"/>
        <pin num="14" name="GPIO5" type="BiDi"/>
        <pin num="15" name="RXD" type="input"/>
        <pin num="16" name="TXD" type="output"/>
        <pin num="17" name="CS0" type="BiDi"/>
        <pin num="18" name="MISO" type="BiDi"/>
        <pin num="19" name="GPIO9" type="BiDi"/>
        <pin num="20" name="GPIO10" type="BiDi"/>
        <pin num="21" name="MOSI" type="BiDi"/>
        <pin num="22" name="SCLK" type="BiDi"/>
      </pins>
    </libpart>
    <libpart lib="Jumper" part="SolderJumper_2_Open">
      <description>Solder Jumper, 2-pole, open</description>
      <docs>~</docs>
      <footprints>
        <fp>SolderJumper*Open*</fp>
      </footprints>
      <fields>
        <field name="Reference">JP</field>
        <field name="Value">SolderJumper_2_Open</field>
      </fields>
      <pins>
        <pin num="1" name="A" type="passive"/>
        <pin num="2" name="B" type="passive"/>
      </pins>
    </libpart>
    <libpart lib="Regulator_Linear" part="AP1117-15">
      <aliases>
        <alias>AP1117-18</alias>
        <alias>AP1117-25</alias>
        <alias>AP1117-33</alias>
        <alias>AP1117-50</alias>
        <alias>LD1117S33TR_SOT223</alias>
        <alias>LD1117S12TR_SOT223</alias>
        <alias>LD1117S18TR_SOT223</alias>
        <alias>LD1117S25TR_SOT223</alias>
        <alias>LD1117S50TR_SOT223</alias>
        <alias>NCP1117-12_SOT223</alias>
        <alias>NCP1117-1.5_SOT223</alias>
        <alias>NCP1117-1.8_SOT223</alias>
        <alias>NCP1117-2.0_SOT223</alias>
        <alias>NCP1117-2.5_SOT223</alias>
        <alias>NCP1117-2.85_SOT223</alias>
        <alias>NCP1117-3.3_SOT223</alias>
        <alias>NCP1117-5.0_SOT223</alias>
        <alias>AMS1117-1.5</alias>
        <alias>AMS1117-1.8</alias>
        <alias>AMS1117-2.5</alias>
        <alias>AMS1117-2.85</alias>
        <alias>AMS1117-3.3</alias>
        <alias>AMS1117-5.0</alias>
      </aliases>
      <description>1A Low Dropout regulator, positive, 1.5V fixed output, SOT-223</description>
      <docs>http://www.diodes.com/datasheets/AP1117.pdf</docs>
      <footprints>
        <fp>SOT?223*TabPin2*</fp>
      </footprints>
      <fields>
        <field name="Reference">U</field>
        <field name="Value">AP1117-15</field>
        <field name="Footprint">Package_TO_SOT_SMD:SOT-223-3_TabPin2</field>
      </fields>
      <pins>
        <pin num="1" name="GND" type="power_in"/>
        <pin num="2" name="VO" type="power_out"/>
        <pin num="3" name="VI" type="power_in"/>
      </pins>
    </libpart>
    <libpart lib="Regulator_Switching" part="LM2576HVT-12">
      <aliases>
        <alias>LM2576HVT-3.3</alias>
        <alias>LM2576HVT-5</alias>
        <alias>LM2576HVT-15</alias>
        <alias>LM2576HVT-ADJ</alias>
        <alias>LM2576T-12</alias>
        <alias>LM2576T-3.3</alias>
        <alias>LM2576T-5</alias>
        <alias>LM2576T-15</alias>
        <alias>LM2576T-ADJ</alias>
        <alias>LM2575BT-ADJ</alias>
        <alias>LM2575-3.3BT</alias>
        <alias>LM2575-5.0BT</alias>
        <alias>LM2575-12BT</alias>
        <alias>GL2576-3.3TB5T</alias>
        <alias>GL2576-5.0TB5T</alias>
        <alias>GL2576-12TB5T</alias>
        <alias>GL2576-15TB5T</alias>
        <alias>GL2576-ATB5T</alias>
      </aliases>
      <description>12V, 3A SIMPLE SWITCHER® Step-Down Voltage Regulator, High Voltage Input, TO-220-5</description>
      <docs>http://www.ti.com/lit/ds/symlink/lm2576.pdf</docs>
      <footprints>
        <fp>TO?220*</fp>
      </footprints>
      <fields>
        <field name="Reference">U</field>
        <field name="Value">LM2576HVT-12</field>
        <field name="Footprint">Package_TO_SOT_THT:TO-220-5_Vertical</field>
      </fields>
      <pins>
        <pin num="1" name="VIN" type="power_in"/>
        <pin num="2" name="OUT" type="output"/>
        <pin num="3" name="GND" type="power_in"/>
        <pin num="4" name="FB" type="input"/>
        <pin num="5" name="~ON~/OFF" type="input"/>
      </pins>
    </libpart>
    <libpart lib="Sensor_Temperature" part="MAX31820">
      <aliases>
        <alias>DS1822</alias>
        <alias>DS18B20</alias>
        <alias>DS18S20</alias>
        <alias>DS1821C</alias>
      </aliases>
      <description>1-Wire Ambient Temperature Sensor TO-92</description>
      <docs>http://datasheets.maximintegrated.com/en/ds/MAX31820.pdf</docs>
      <footprints>
        <fp>TO*92*</fp>
      </footprints>
      <fields>
        <field name="Reference">U</field>
        <field name="Value">MAX31820</field>
        <field name="Footprint">Package_TO_SOT_THT:TO-92_Inline</field>
      </fields>
      <pins>
        <pin num="1" name="GND" type="power_in"/>
        <pin num="2" name="DQ" type="BiDi"/>
        <pin num="3" name="VDD" type="power_in"/>
      </pins>
    </libpart>
    <libpart lib="Transistor_BJT" part="BC547">
      <aliases>
        <alias>BC546</alias>
        <alias>BC548</alias>
        <alias>BC549</alias>
        <alias>BC550</alias>
        <alias>BC337</alias>
        <alias>BC338</alias>
      </aliases>
      <description>0.1A Ic, 45V Vce, Small Signal NPN Transistor, TO-92</description>
      <docs>http://www.fairchildsemi.com/ds/BC/BC547.pdf</docs>
      <footprints>
        <fp>TO?92*</fp>
      </footprints>
      <fields>
        <field name="Reference">Q</field>
        <field name="Value">BC547</field>
        <field name="Footprint">Package_TO_SOT_THT:TO-92_Inline</field>
      </fields>
      <pins>
        <pin num="1" name="C" type="passive"/>
        <pin num="2" name="B" type="input"/>
        <pin num="3" name="E" type="passive"/>
      </pins>
    </libpart>
    <libpart lib="Transistor_FET" part="BUZ11">
      <aliases>
        <alias>IRF3205</alias>
        <alias>IRF540N</alias>
        <alias>IRF740</alias>
        <alias>IRLB8721PBF</alias>
        <alias>IRLZ34N</alias>
        <alias>IRLZ44N</alias>
      </aliases>
      <description>30A Id, 50V Vds, N-Channel Power MOSFET, TO-220</description>
      <docs>http://www.fairchildsemi.com/ds/BU/BUZ11.pdf</docs>
      <footprints>
        <fp>TO?220*</fp>
      </footprints>
      <fields>
        <field name="Reference">Q</field>
        <field name="Value">BUZ11</field>
        <field name="Footprint">Package_TO_SOT_THT:TO-220-3_Vertical</field>
      </fields>
      <pins>
        <pin num="1" name="G" type="input"/>
        <pin num="2" name="D" type="passive"/>
        <pin num="3" name="S" type="passive"/>
      </pins>
    </libpart>
    <libpart lib="Transistor_FET" part="DMP3013SFV">
      <description>-12A Id, -30V Vds, P-Channel Power MOSFET, 9.5mOhm Ron, 33.7nC Qg (typ), PowerDI3333-8</description>
      <docs>https://www.diodes.com/assets/Datasheets/DMP3013SFV.pdf</docs>
      <footprints>
        <fp>Diodes*PowerDI3333*</fp>
      </footprints>
      <fields>
        <field name="Reference">Q</field>
        <field name="Value">DMP3013SFV</field>
        <field name="Footprint">Package_SON:Diodes_PowerDI3333-8</field>
      </fields>
      <pins>
        <pin num="1" name="S" type="passive"/>
        <pin num="2" name="S" type="passive"/>
        <pin num="3" name="S" type="passive"/>
        <pin num="4" name="G" type="passive"/>
        <pin num="5" name="D" type="passive"/>
      </pins>
    </libpart>
    <libpart lib="agro-symbol" part="CAP">
      <description>Unpolarized capacitor, small symbol</description>
      <docs>~</docs>
      <footprints>
        <fp>C_*</fp>
      </footprints>
      <fields>
        <field name="Reference">C</field>
        <field name="Value">CAP</field>
        <field name="Footprint">agro-footprint:CAP_0805</field>
      </fields>
      <pins>
        <pin num="1" name="~" type="passive"/>
        <pin num="2" name="~" type="passive"/>
      </pins>
    </libpart>
    <libpart lib="agro-symbol" part="INDUCTOR">
      <description>Inductor, small symbol</description>
      <docs>~</docs>
      <footprints>
        <fp>Choke_*</fp>
        <fp>*Coil*</fp>
        <fp>Inductor_*</fp>
        <fp>L_*</fp>
      </footprints>
      <fields>
        <field name="Reference">L</field>
        <field name="Value">INDUCTOR</field>
        <field name="Footprint">agro-footprint:IND_0805</field>
      </fields>
      <pins>
        <pin num="1" name="~" type="passive"/>
        <pin num="2" name="~" type="passive"/>
      </pins>
    </libpart>
  </libparts>
  <libraries>
    <library logical="Connector">
      <uri>C:\Program Files\KiCad\share\kicad\library/Connector.lib</uri>
    </library>
    <library logical="Connector_Generic">
      <uri>C:\Program Files\KiCad\share\kicad\library/Connector_Generic.lib</uri>
    </library>
    <library logical="Device">
      <uri>C:\Program Files\KiCad\share\kicad\library/Device.lib</uri>
    </library>
    <library logical="Diode">
      <uri>C:\Program Files\KiCad\share\kicad\library/Diode.lib</uri>
    </library>
    <library logical="ESP8266">
      <uri>C:/Users/bakad/OneDrive/projects/KiCad/library/kicad-ESP8266/ESP8266.lib</uri>
    </library>
    <library logical="Jumper">
      <uri>C:\Program Files\KiCad\share\kicad\library/Jumper.lib</uri>
    </library>
    <library logical="Regulator_Linear">
      <uri>C:\Program Files\KiCad\share\kicad\library/Regulator_Linear.lib</uri>
    </library>
    <library logical="Regulator_Switching">
      <uri>C:\Program Files\KiCad\share\kicad\library/Regulator_Switching.lib</uri>
    </library>
    <library logical="Sensor_Temperature">
      <uri>C:\Program Files\KiCad\share\kicad\library/Sensor_Temperature.lib</uri>
    </library>
    <library logical="Transistor_BJT">
      <uri>C:\Program Files\KiCad\share\kicad\library/Transistor_BJT.lib</uri>
    </library>
    <library logical="Transistor_FET">
      <uri>C:\Program Files\KiCad\share\kicad\library/Transistor_FET.lib</uri>
    </library>
    <library logical="agro-symbol">
      <uri>C:/Users/bakad/OneDrive/projects/KiCad/library/agro-hardware/agro-symbol.lib</uri>
    </library>
  </libraries>
  <nets>
    <net code="1" name="GND">
      <node ref="U1" pin="3"/>
      <node ref="Q1" pin="3"/>
      <node ref="C3" pin="2"/>
      <node ref="D4" pin="2"/>
      <node ref="R4" pin="2"/>
      <node ref="C4" pin="2"/>
      <node ref="C1" pin="2"/>
      <node ref="R10" pin="2"/>
      <node ref="J4" pin="1"/>
      <node ref="R23" pin="2"/>
      <node ref="D2" pin="2"/>
      <node ref="U5" pin="1"/>
      <node ref="C2" pin="2"/>
      <node ref="D7" pin="2"/>
      <node ref="U2" pin="1"/>
      <node ref="J5" pin="6"/>
      <node ref="R19" pin="2"/>
      <node ref="R15" pin="2"/>
      <node ref="U4" pin="9"/>
      <node ref="J3" pin="1"/>
      <node ref="R2" pin="2"/>
      <node ref="J1" pin="3"/>
      <node ref="J1" pin="2"/>
      <node ref="R8" pin="2"/>
      <node ref="C5" pin="2"/>
      <node ref="JP2" pin="2"/>
      <node ref="J2" pin="5"/>
      <node ref="J2" pin="6"/>
    </net>
    <net code="2" name="/3V3">
      <node ref="R18" pin="1"/>
      <node ref="R16" pin="2"/>
      <node ref="R5" pin="1"/>
      <node ref="R13" pin="1"/>
      <node ref="U2" pin="3"/>
      <node ref="R21" pin="1"/>
      <node ref="R20" pin="2"/>
      <node ref="J5" pin="1"/>
      <node ref="J4" pin="3"/>
      <node ref="U4" pin="8"/>
      <node ref="D6" pin="1"/>
      <node ref="C5" pin="1"/>
      <node ref="D5" pin="2"/>
      <node ref="D1" pin="1"/>
      <node ref="U5" pin="2"/>
      <node ref="C4" pin="1"/>
    </net>
    <net code="3" name="Net-(U4-Pad19)">
      <node ref="U4" pin="19"/>
    </net>
    <net code="4" name="Net-(U4-Pad18)">
      <node ref="U4" pin="18"/>
    </net>
    <net code="5" name="Net-(U4-Pad17)">
      <node ref="U4" pin="17"/>
    </net>
    <net code="6" name="Net-(U4-Pad22)">
      <node ref="U4" pin="22"/>
    </net>
    <net code="7" name="Net-(U4-Pad21)">
      <node ref="U4" pin="21"/>
    </net>
    <net code="8" name="Net-(R20-Pad1)">
      <node ref="U4" pin="11"/>
      <node ref="R20" pin="1"/>
    </net>
    <net code="9" name="Net-(U4-Pad20)">
      <node ref="U4" pin="20"/>
    </net>
    <net code="10" name="Net-(R19-Pad1)">
      <node ref="R19" pin="1"/>
      <node ref="U4" pin="10"/>
    </net>
    <net code="11" name="/PWMpin">
      <node ref="R9" pin="2"/>
      <node ref="U4" pin="7"/>
    </net>
    <net code="12" name="Net-(R17-Pad2)">
      <node ref="R17" pin="2"/>
      <node ref="U4" pin="4"/>
    </net>
    <net code="13" name="Net-(R18-Pad2)">
      <node ref="U4" pin="3"/>
      <node ref="R18" pin="2"/>
    </net>
    <net code="14" name="Net-(R22-Pad2)">
      <node ref="U4" pin="12"/>
      <node ref="R22" pin="2"/>
    </net>
    <net code="15" name="/oneWire">
      <node ref="J4" pin="2"/>
      <node ref="U2" pin="2"/>
      <node ref="U4" pin="13"/>
      <node ref="R13" pin="2"/>
    </net>
    <net code="16" name="Net-(C3-Pad1)">
      <node ref="D8" pin="1"/>
      <node ref="U5" pin="3"/>
      <node ref="C3" pin="1"/>
      <node ref="D5" pin="1"/>
    </net>
    <net code="17" name="/FAN_POW">
      <node ref="J3" pin="2"/>
      <node ref="JP1" pin="2"/>
      <node ref="Q2" pin="3"/>
    </net>
    <net code="18" name="/5V">
      <node ref="D8" pin="2"/>
      <node ref="C2" pin="1"/>
      <node ref="R12" pin="1"/>
      <node ref="JP1" pin="1"/>
      <node ref="L1" pin="1"/>
      <node ref="RV1" pin="1"/>
    </net>
    <net code="19" name="/V_MON">
      <node ref="R1" pin="2"/>
      <node ref="R2" pin="1"/>
      <node ref="U4" pin="2"/>
      <node ref="D1" pin="2"/>
      <node ref="D2" pin="1"/>
    </net>
    <net code="20" name="/RTS">
      <node ref="JP2" pin="1"/>
      <node ref="J5" pin="2"/>
      <node ref="U4" pin="1"/>
      <node ref="R16" pin="1"/>
      <node ref="R17" pin="1"/>
    </net>
    <net code="21" name="Net-(D9-Pad2)">
      <node ref="R23" pin="1"/>
      <node ref="Q3" pin="4"/>
      <node ref="D9" pin="2"/>
    </net>
    <net code="22" name="/DTR">
      <node ref="R21" pin="2"/>
      <node ref="J5" pin="5"/>
      <node ref="R22" pin="1"/>
    </net>
    <net code="23" name="/TX">
      <node ref="U4" pin="15"/>
      <node ref="J5" pin="4"/>
    </net>
    <net code="24" name="/RX">
      <node ref="U4" pin="16"/>
      <node ref="J5" pin="3"/>
    </net>
    <net code="25" name="Net-(R11-Pad1)">
      <node ref="RV1" pin="3"/>
      <node ref="R11" pin="1"/>
      <node ref="RV1" pin="2"/>
      <node ref="R12" pin="2"/>
    </net>
    <net code="26" name="Net-(R10-Pad1)">
      <node ref="U1" pin="4"/>
      <node ref="R10" pin="1"/>
      <node ref="R11" pin="2"/>
    </net>
    <net code="27" name="/Vin">
      <node ref="R1" pin="1"/>
      <node ref="Q2" pin="2"/>
      <node ref="Q3" pin="5"/>
      <node ref="J1" pin="1"/>
    </net>
    <net code="28" name="Net-(D3-Pad2)">
      <node ref="D3" pin="2"/>
      <node ref="R3" pin="1"/>
    </net>
    <net code="29" name="Net-(Q1-Pad2)">
      <node ref="R4" pin="1"/>
      <node ref="R3" pin="2"/>
      <node ref="Q1" pin="2"/>
    </net>
    <net code="30" name="Net-(Q1-Pad1)">
      <node ref="R6" pin="2"/>
      <node ref="Q1" pin="1"/>
      <node ref="U1" pin="5"/>
    </net>
    <net code="31" name="Net-(D4-Pad1)">
      <node ref="D4" pin="1"/>
      <node ref="L1" pin="2"/>
      <node ref="U1" pin="2"/>
    </net>
    <net code="32" name="/PWM">
      <node ref="J3" pin="4"/>
      <node ref="R9" pin="1"/>
    </net>
    <net code="33" name="/RPM">
      <node ref="U4" pin="6"/>
      <node ref="J3" pin="3"/>
      <node ref="R5" pin="2"/>
    </net>
    <net code="34" name="Net-(C1-Pad1)">
      <node ref="Q3" pin="2"/>
      <node ref="R6" pin="1"/>
      <node ref="D9" pin="1"/>
      <node ref="C1" pin="1"/>
      <node ref="Q3" pin="3"/>
      <node ref="U1" pin="1"/>
      <node ref="Q3" pin="1"/>
      <node ref="D3" pin="1"/>
    </net>
    <net code="35" name="/POW_EN">
      <node ref="R7" pin="2"/>
      <node ref="U4" pin="5"/>
    </net>
    <net code="36" name="Net-(J2-Pad3)">
      <node ref="J2" pin="3"/>
    </net>
    <net code="37" name="Net-(J2-Pad2)">
      <node ref="J2" pin="2"/>
    </net>
    <net code="38" name="Net-(J2-Pad4)">
      <node ref="J2" pin="4"/>
    </net>
    <net code="39" name="Net-(J2-Pad1)">
      <node ref="R14" pin="1"/>
      <node ref="J2" pin="1"/>
    </net>
    <net code="40" name="/USB_sense">
      <node ref="D6" pin="2"/>
      <node ref="D7" pin="1"/>
      <node ref="R15" pin="1"/>
      <node ref="R14" pin="2"/>
      <node ref="U4" pin="14"/>
    </net>
    <net code="41" name="Net-(Q2-Pad1)">
      <node ref="R7" pin="1"/>
      <node ref="Q2" pin="1"/>
      <node ref="R8" pin="1"/>
    </net>
  </nets>
</export>
